Strategy,Total Return,Sharpe Ratio,Maximum Drawdown
MA 100/300,0.21386860925483697,0.7991130376985972,-0.04412881769705724
AAPL Buy & Hold,9.285385499668122,0.963186674616796,-0.38515908749149846
SPY Buy & Hold,2.3957368013276903,0.7838640608555573,-0.33717252846989104
