Strategy,Total Return,Sharpe Ratio,Maximum Drawdown
MA 100/300,0.21386865123367316,0.7991130666550105,-0.044128851219030006
AAPL Buy & Hold,9.285382886784049,0.9631867510443622,-0.3851590179704312
SPY Buy & Hold,2.395737106681499,0.783864337330781,-0.3371727586013767
