Scenario,Total Return,Sharpe Ratio,Maximum Drawdown
No Costs,0.21414663124084465,0.8001492470799831,-0.04412541390228796
Realistic Costs,0.21391864891834267,0.7993056753154206,-0.04412766013213177
